{
  "last": "Default",
  "backgroundType": "CUSTOM",
  "bgpath": ".\\PCL\\Pictures\\D32FC4F2A44C84C286A69DD0319AD123.png",
  "commonDirType": "DEFAULT",
  "commonpath": ".\\.minecraft",
  "hasProxy": false,
  "hasProxyAuth": false,
  "proxyType": "HTTP",
  "proxyPort": 0,
  "width": 841.0,
  "height": 514.0,
  "theme": "#b3ccff",
  "localization": "zh_CN",
  "autoDownloadThreads": true,
  "downloadThreads": 32,
  "downloadType": "mcbbs",
  "autoChooseDownloadType": true,
  "versionListSource": "balanced",
  "configurations": {
    "Default": {
      "global": {
        "usesGlobal": true,
        "javaArgs": "",
        "minecraftArgs": "",
        "maxMemory": 2048,
        "autoMemory": true,
        "permSize": "",
        "width": 854,
        "height": 480,
        "javaDir": ".\\jre-11.0.17\\bin\\java.exe",
        "precalledCommand": "",
        "postExitCommand": "",
        "serverIp": "",
        "java": "Custom",
        "wrapper": "",
        "fullscreen": false,
        "noJVMArgs": false,
        "notCheckGame": false,
        "notCheckJVM": false,
        "showLogs": false,
        "gameDir": "",
        "launcherVisibility": 1,
        "processPriority": 2,
        "useNativeGLFW": false,
        "useNativeOpenAL": false,
        "gameDirType": 1,
        "nativesDir": "",
        "nativesDirType": 0,
        "versionIcon": 0
      },
      "gameDir": ".minecraft",
      "useRelativePath": true,
      "selectedMinecraftVersion": "RETE1.16.5"
    },
    "Home": {
      "global": {
        "usesGlobal": true,
        "javaArgs": "",
        "minecraftArgs": "",
        "maxMemory": 4096,
        "autoMemory": true,
        "permSize": "",
        "width": 854,
        "height": 480,
        "javaDir": "",
        "precalledCommand": "",
        "postExitCommand": "",
        "serverIp": "",
        "java": "1.8.0_261",
        "wrapper": "",
        "fullscreen": false,
        "noJVMArgs": false,
        "notCheckGame": false,
        "notCheckJVM": false,
        "showLogs": false,
        "gameDir": "",
        "launcherVisibility": 1,
        "processPriority": 2,
        "useNativeGLFW": false,
        "useNativeOpenAL": false,
        "gameDirType": 0,
        "defaultJavaPath": ".\\jre-11.0.17\\bin\\java.exe",
        "nativesDir": "",
        "nativesDirType": 0,
        "versionIcon": 0
      },
      "gameDir": ".\\.minecraft",
      "useRelativePath": true,
      "selectedMinecraftVersion": ""
    }
  },
  "accounts": [],
  "fontFamily": "Consolas",
  "fontSize": 12.0,
  "launcherFontFamily": "Consolas",
  "logLines": 500,
  "titleTransparent": false,
  "authlibInjectorServers": [],
  "_version": 0,
  "uiVersion": 0,
  "preferredLoginType": "offline"
}